City_ID,City,Country,Date,Lat,Lng,Max Temp,Humidity,Cloudiness,Wind Speed
0,Berlevag,NO,2021-10-24 21:25:14,70.8578,29.0864,26.55,86,40,10.36
1,Hermanus,ZA,2021-10-24 21:25:14,-34.4187,19.2345,57.9,72,0,8.97
2,Cabo San Lucas,MX,2021-10-24 21:25:14,22.8909,-109.9124,89.62,57,20,17.27
3,Talcahuano,CL,2021-10-24 21:25:14,-36.7167,-73.1167,60.48,72,0,19.57
4,Cidreira,BR,2021-10-24 21:25:15,-30.1811,-50.2056,64.96,60,0,9.86
5,Busselton,AU,2021-10-24 21:25:15,-33.65,115.3333,56.05,83,100,10.78
6,Bluff,NZ,2021-10-24 21:23:15,-46.6,168.3333,53.58,93,100,3.6
7,Punta Arenas,CL,2021-10-24 21:25:15,-53.15,-70.9167,46.51,36,75,33.38
8,Rikitea,PF,2021-10-24 21:25:16,-23.1203,-134.9692,74.79,74,28,16.96
9,Ushuaia,AR,2021-10-24 21:25:16,-54.8,-68.3,35.26,64,75,26.46
10,Ilulissat,GL,2021-10-24 21:25:16,69.2167,-51.1,21.22,58,75,17.27
11,Touros,BR,2021-10-24 21:21:30,-5.1989,-35.4608,81.5,74,35,13.96
12,Cape Town,ZA,2021-10-24 21:25:17,-33.9258,18.4232,60.28,67,0,4.0
13,Tuktoyaktuk,CA,2021-10-24 21:25:17,69.4541,-133.0374,30.2,93,75,3.44
14,Lima,PE,2021-10-24 21:21:05,-12.0432,-77.0282,64.13,72,75,16.11
15,Severo-Kurilsk,RU,2021-10-24 21:23:46,50.6789,156.125,38.82,76,51,19.77
16,Killybegs,IE,2021-10-24 21:25:17,54.6333,-8.45,50.36,78,38,19.82
17,New Norfolk,AU,2021-10-24 21:24:22,-42.7826,147.0587,49.66,61,99,3.0
18,Santa Maria,BR,2021-10-24 21:25:18,-29.6842,-53.8069,72.7,35,0,2.3
19,Coquimbo,CL,2021-10-24 21:21:07,-29.9533,-71.3436,64.13,67,0,12.66
20,Berbera,SO,2021-10-24 21:25:18,10.4396,45.0143,83.61,54,4,1.05
21,Bredasdorp,ZA,2021-10-24 21:25:18,-34.5322,20.0403,50.29,81,0,4.61
22,Pisco,PE,2021-10-24 21:23:26,-13.7,-76.2167,68.05,64,0,23.02
23,Puerto Ayora,EC,2021-10-24 21:25:19,-0.7393,-90.3518,82.36,86,100,10.29
24,Severo-Yeniseyskiy,RU,2021-10-24 21:25:19,60.3725,93.0408,32.49,92,100,11.63
25,Aleksandrovskiy Zavod,RU,2021-10-24 21:25:19,50.9237,117.9374,25.0,88,97,3.89
26,Kruisfontein,ZA,2021-10-24 21:21:48,-34.0033,24.7314,51.89,76,0,3.53
27,Georgetown,MY,2021-10-24 21:20:28,5.4112,100.3354,77.9,94,20,3.44
28,Cururupu,BR,2021-10-24 21:25:20,-1.8283,-44.8683,80.15,74,2,4.09
29,Omsukchan,RU,2021-10-24 21:25:20,62.5333,155.8,5.61,95,100,7.85
30,Khatanga,RU,2021-10-24 21:20:23,71.9667,102.5,0.34,90,83,16.67
31,Saint-Augustin,CA,2021-10-24 21:25:21,51.226,-58.6502,45.21,89,100,24.0
32,Diego De Almagro,CL,2021-10-24 21:25:21,-26.3667,-70.05,76.12,23,0,12.21
33,Jacareacanga,BR,2021-10-24 21:25:21,-6.2222,-57.7528,85.33,67,98,3.06
34,Albany,US,2021-10-24 21:25:21,42.6001,-73.9662,55.67,65,92,3.76
35,Jamestown,US,2021-10-24 21:20:41,42.097,-79.2353,51.12,97,90,1.01
36,Batagay,RU,2021-10-24 21:25:22,67.6333,134.6333,7.81,96,100,2.42
37,Mataura,NZ,2021-10-24 21:25:22,-46.1927,168.8643,57.18,82,97,2.89
38,Lebu,CL,2021-10-24 21:23:24,-37.6167,-73.65,56.73,82,12,9.51
39,Yerbogachen,RU,2021-10-24 21:20:25,61.2767,108.0108,34.5,98,100,9.15
40,Qaanaaq,GL,2021-10-24 21:25:23,77.484,-69.3632,-4.49,60,0,12.28
41,Vaini,TO,2021-10-24 21:25:23,-21.2,-175.2,78.96,73,20,12.66
42,Kasama,ZM,2021-10-24 21:25:23,-10.2129,31.1808,77.0,33,76,5.59
43,Okakarara,NA,2021-10-24 21:25:23,-20.5833,17.4333,73.38,11,0,8.34
44,Bellevue,US,2021-10-24 21:20:46,47.6104,-122.2007,56.34,85,90,4.0
45,Fortuna,US,2021-10-24 21:25:24,40.5982,-124.1573,57.92,73,20,5.01
46,Codrington,AU,2021-10-24 21:20:58,-38.2667,141.9667,50.7,66,100,9.66
47,Lavrentiya,RU,2021-10-24 21:25:24,65.5833,-171.0,22.06,84,100,10.22
48,Bubaque,GW,2021-10-24 21:25:25,11.2833,-15.8333,82.6,74,100,7.45
49,Beloha,MG,2021-10-24 21:21:53,-25.1667,45.05,72.23,84,75,11.23
50,Thompson,CA,2021-10-24 21:25:25,55.7435,-97.8558,32.16,80,90,2.3
51,Nome,US,2021-10-24 21:25:25,64.5011,-165.4064,32.07,86,90,5.75
52,Ankpa,NG,2021-10-24 21:25:25,7.3706,7.6253,73.81,86,14,4.23
53,Petropavlovsk-Kamchatskiy,RU,2021-10-24 21:25:26,53.0452,158.6483,21.79,80,0,8.95
54,Poum,NC,2021-10-24 21:23:28,-20.2333,164.0167,75.65,74,27,10.96
55,Yellowknife,CA,2021-10-24 21:21:48,62.456,-114.3525,42.42,84,75,19.57
56,Jesup,US,2021-10-24 21:25:26,31.6074,-81.8854,78.73,53,1,0.0
57,Bilma,NE,2021-10-24 21:25:27,18.6853,12.9164,86.04,11,0,6.38
58,Tondano,ID,2021-10-24 21:25:27,1.3038,124.9112,66.29,92,48,0.11
59,Makakilo City,US,2021-10-24 21:25:27,21.3469,-158.0858,82.72,60,1,6.91
60,Upernavik,GL,2021-10-24 21:25:28,72.7868,-56.1549,15.53,68,62,8.9
61,Paamiut,GL,2021-10-24 21:25:28,61.994,-49.6678,30.97,43,0,15.17
62,Narsaq,GL,2021-10-24 21:20:37,60.9167,-46.05,32.22,51,100,6.2
63,Show Low,US,2021-10-24 21:25:28,34.2542,-110.0298,69.51,30,1,20.71
64,Kaitangata,NZ,2021-10-24 21:20:53,-46.2817,169.8464,55.54,83,95,2.3
65,Hobart,AU,2021-10-24 21:21:57,-42.8794,147.3294,50.02,73,90,4.0
66,Arraial Do Cabo,BR,2021-10-24 21:25:29,-22.9661,-42.0278,75.06,83,75,5.75
67,Mutata,CO,2021-10-24 21:25:29,7.2441,-76.4356,80.98,87,85,2.06
68,Manokwari,ID,2021-10-24 21:25:29,-0.8667,134.0833,77.56,77,100,2.86
69,Menongue,AO,2021-10-24 21:25:30,-14.6585,17.691,71.8,60,35,4.52
70,Kankaanpaa,FI,2021-10-24 21:25:30,61.8,22.4167,47.16,98,100,8.16
71,Sechura,PE,2021-10-24 21:25:30,-5.5569,-80.8222,76.51,58,18,16.22
72,Hithadhoo,MV,2021-10-24 21:21:15,-0.6,73.0833,82.09,75,59,15.19
73,Gerash,IR,2021-10-24 21:25:31,27.6652,54.1371,66.34,29,0,4.12
74,Bentiu,SS,2021-10-24 21:25:31,9.2333,29.8333,81.05,46,13,1.97
75,Tokur,RU,2021-10-24 21:25:31,53.1333,132.9,20.32,97,63,3.49
76,Nikolskoye,RU,2021-10-24 21:20:41,59.7035,30.7861,34.02,82,81,5.08
77,Deputatskiy,RU,2021-10-24 21:25:32,69.3,139.9,-0.62,98,100,1.3
78,Souillac,MU,2021-10-24 21:21:10,-20.5167,57.5167,74.35,78,40,11.5
79,Porto Novo,BJ,2021-10-24 21:20:36,6.4965,2.6036,80.42,82,57,4.56
80,Mount Gambier,AU,2021-10-24 21:25:32,-37.8333,140.7667,49.91,71,90,5.75
81,Mahebourg,MU,2021-10-24 21:25:32,-20.4081,57.7,74.25,78,40,11.5
82,East London,ZA,2021-10-24 21:25:33,-33.0153,27.9116,61.07,74,64,11.92
83,Flin Flon,CA,2021-10-24 21:25:33,54.7682,-101.865,40.84,65,75,11.5
84,Te Anau,NZ,2021-10-24 21:25:33,-45.4167,167.7167,53.96,95,100,0.74
85,Mahajanga,MG,2021-10-24 21:25:34,-15.7167,46.3167,75.22,88,40,3.44
86,Vostok,RU,2021-10-24 21:21:30,46.4856,135.8833,30.92,75,0,5.17
87,Saint-Pierre,RE,2021-10-24 21:25:34,-21.3393,55.4781,74.57,76,75,6.91
88,Bathsheba,BB,2021-10-24 21:25:34,13.2167,-59.5167,81.21,83,75,12.66
89,Montmagny,FR,2021-10-24 21:25:35,48.9734,2.3469,52.02,85,0,4.61
90,San Patricio,US,2021-10-24 21:25:35,28.017,-97.5169,92.12,45,0,9.98
91,Victoria,HK,2021-10-24 21:25:35,22.2855,114.1577,70.25,74,25,1.01
92,Sivaki,RU,2021-10-24 21:25:35,52.6333,126.75,33.35,88,27,3.27
93,Aripuana,BR,2021-10-24 21:25:36,-9.1667,-60.6333,88.54,54,70,3.04
94,Port Alfred,ZA,2021-10-24 21:25:36,-33.5906,26.891,59.36,75,14,11.03
95,Los Llanos De Aridane,ES,2021-10-24 21:21:39,28.6585,-17.9182,69.55,88,75,1.99
96,Jalu,LY,2021-10-24 21:25:36,29.0331,21.5482,75.49,29,24,10.85
97,Bengkulu,ID,2021-10-24 21:25:37,-3.8004,102.2655,74.84,89,98,3.8
98,Ponta Do Sol,PT,2021-10-24 21:25:37,32.6667,-17.1,71.71,72,98,6.44
99,Atuona,PF,2021-10-24 21:22:59,-9.8,-139.0333,77.94,71,2,18.12
100,Alofi,NU,2021-10-24 21:25:37,-19.0595,-169.9187,80.49,54,81,18.41
101,Butaritari,KI,2021-10-24 21:25:38,3.0707,172.7902,80.35,71,1,2.57
102,Carnarvon,AU,2021-10-24 21:25:38,-24.8667,113.6333,68.07,73,40,13.8
103,San Juan De Los Morros,VE,2021-10-24 21:25:38,9.9115,-67.3538,82.96,63,74,3.98
104,Ambilobe,MG,2021-10-24 21:25:39,-13.2,49.05,76.64,77,83,6.02
105,Ahipara,NZ,2021-10-24 21:24:05,-35.1667,173.1667,64.36,76,22,2.89
106,Eyl,SO,2021-10-24 21:25:39,7.9803,49.8164,77.97,78,56,9.22
107,Naze,JP,2021-10-24 21:24:34,28.3667,129.4833,71.47,68,91,11.01
108,Avarua,CK,2021-10-24 21:23:02,-21.2078,-159.775,77.05,61,75,12.66
109,Port Elizabeth,ZA,2021-10-24 21:21:13,-33.918,25.5701,54.1,87,40,2.3
110,Hualmay,PE,2021-10-24 21:20:44,-11.0964,-77.6139,66.65,74,20,11.61
111,Thinadhoo,MV,2021-10-24 21:25:39,0.5333,72.9333,83.07,71,65,16.08
112,Rumphi,MW,2021-10-24 21:25:40,-11.0186,33.8575,73.78,40,3,7.07
113,Jumilla,ES,2021-10-24 21:25:40,38.4792,-1.325,59.05,80,0,2.59
114,Pevek,RU,2021-10-24 21:25:40,69.7008,170.3133,6.42,93,100,3.8
115,Chapais,CA,2021-10-24 21:24:18,49.7834,-74.8492,42.58,68,98,4.45
116,Londiani,KE,2021-10-24 21:25:41,-0.165,35.5909,54.97,82,25,5.88
117,Santo Domingo,DO,2021-10-24 21:25:41,18.5001,-69.9886,89.24,66,20,1.99
118,Tiksi,RU,2021-10-24 21:25:41,71.6872,128.8694,0.37,100,100,4.72
119,San Quintin,MX,2021-10-24 21:25:42,30.4833,-115.95,67.69,66,20,16.8
120,Barrow,US,2021-10-24 21:25:42,71.2906,-156.7887,26.62,86,90,4.61
121,Kapaa,US,2021-10-24 21:25:42,22.0752,-159.319,82.72,74,75,4.0
122,Salta,AR,2021-10-24 21:25:42,-24.7859,-65.4117,79.09,31,40,8.01
123,Bethel,US,2021-10-24 21:25:43,41.3712,-73.414,57.49,70,90,5.75
124,Saskylakh,RU,2021-10-24 21:25:43,71.9167,114.0833,-13.94,100,67,4.03
125,Tasiilaq,GL,2021-10-24 21:23:22,65.6145,-37.6368,30.36,92,100,33.58
126,Chuy,UY,2021-10-24 21:25:44,-33.6971,-53.4616,65.64,57,0,8.99
127,Lompoc,US,2021-10-24 21:24:01,34.6391,-120.4579,71.74,69,90,10.36
128,Geraldton,AU,2021-10-24 21:20:55,-28.7667,114.6,64.13,88,75,0.0
129,Impfondo,CG,2021-10-24 21:25:26,1.6381,18.0667,70.97,96,83,2.19
130,Tiznit,MA,2021-10-24 21:25:44,29.5833,-9.5,67.41,55,100,0.78
131,Bakchar,RU,2021-10-24 21:25:45,57.0186,82.0711,44.31,88,100,7.52
132,Saint-Joseph,RE,2021-10-24 21:25:45,-21.3667,55.6167,73.47,82,41,13.98
133,Kirakira,SB,2021-10-24 21:23:40,-10.4544,161.9205,82.76,76,46,8.05
134,Salvador,SV,2021-10-24 21:25:45,13.8333,-88.9167,80.64,71,41,4.59
135,Saint George,US,2021-10-24 21:25:46,37.1041,-113.5841,75.67,32,1,1.01
136,Brae,GB,2021-10-24 21:24:09,60.3964,-1.353,51.71,88,98,11.3
137,Lilongwe,MW,2021-10-24 21:25:46,-13.9669,33.7873,78.69,35,4,5.23
138,La Ronge,CA,2021-10-24 21:25:02,55.1001,-105.2842,41.25,70,75,16.11
139,Longyearbyen,SJ,2021-10-24 21:21:34,78.2186,15.6401,17.44,79,40,6.91
140,Tibiri,NE,2021-10-24 21:25:46,13.5627,7.0485,88.65,13,26,8.93
141,Tuatapere,NZ,2021-10-24 21:20:51,-46.1333,167.6833,57.33,89,98,2.86
142,Zhezkazgan,KZ,2021-10-24 21:25:47,47.8043,67.7144,45.1,49,70,7.0
143,Airai,TL,2021-10-24 21:25:47,-8.9266,125.4092,61.0,83,97,1.23
144,Hami,CN,2021-10-24 21:20:49,42.8,93.45,44.35,36,7,7.11
145,Carroll,US,2021-10-24 21:25:47,39.5501,-77.0164,67.89,66,75,3.0
146,Sao Jose Da Coroa Grande,BR,2021-10-24 21:25:48,-8.8978,-35.1478,78.03,73,75,9.46
147,Castro,BR,2021-10-24 21:23:21,-24.7911,-50.0119,59.79,92,92,2.8
148,Tual,ID,2021-10-24 21:24:41,-5.6667,132.75,81.97,76,96,3.29
149,Ossora,RU,2021-10-24 21:25:48,59.2353,163.0719,25.52,91,99,6.82
150,Alice,US,2021-10-24 21:25:48,27.7523,-98.0697,91.29,50,40,6.91
151,Morlaix,FR,2021-10-24 21:25:49,48.5833,-4.0,59.07,97,75,6.91
152,Korla,CN,2021-10-24 21:25:49,41.7597,86.1469,46.85,40,0,2.82
153,Evensk,RU,2021-10-24 21:25:49,61.95,159.2333,5.09,80,62,4.16
154,Rafraf,TN,2021-10-24 21:25:49,37.1904,10.1837,64.72,83,100,28.81
155,Provideniya,RU,2021-10-24 21:25:50,64.3833,-173.3,24.91,58,0,8.95
156,Ribeira Grande,PT,2021-10-24 21:25:50,38.5167,-28.7,66.58,71,5,8.99
157,Quatre Cocos,MU,2021-10-24 21:24:11,-20.2078,57.7625,74.08,71,81,13.0
158,Nizwa,OM,2021-10-24 21:25:50,22.9333,57.5333,79.03,40,0,0.83
159,Teya,RU,2021-10-24 21:25:51,60.3778,92.6267,36.19,90,99,11.92
160,Birjand,IR,2021-10-24 21:21:32,32.8663,59.2211,45.07,14,0,9.22
161,Tha Mai,TH,2021-10-24 21:25:51,12.6214,102.0048,83.14,88,96,7.34
162,Olafsvik,IS,2021-10-24 21:25:51,64.8945,-23.7142,42.69,91,100,20.0
163,Faanui,PF,2021-10-24 21:25:52,-16.4833,-151.75,76.51,87,100,13.27
164,Bandarbeyla,SO,2021-10-24 21:25:52,9.4942,50.8122,78.4,77,21,6.89
165,Katherine,AU,2021-10-24 21:25:52,-14.4667,132.2667,82.72,69,40,4.61
166,Powell,US,2021-10-24 21:25:53,40.1578,-83.0752,58.95,96,90,1.01
167,Artigas,UY,2021-10-24 21:25:53,-30.4,-56.4667,70.59,47,0,3.76
168,Madinat Sittah Uktubar,EG,2021-10-24 21:25:53,29.8167,31.05,71.2,69,1,10.16
169,Iqaluit,CA,2021-10-24 21:25:53,63.7506,-68.5145,29.93,92,90,5.99
170,Beringovskiy,RU,2021-10-24 21:25:54,63.05,179.3167,8.62,86,50,7.56
171,Shenjiamen,CN,2021-10-24 21:25:54,29.9576,122.298,63.82,83,70,14.43
172,Raahe,FI,2021-10-24 21:25:54,64.6833,24.4833,34.02,90,100,13.98
173,Ugoofaaru,MV,2021-10-24 21:21:15,5.6667,73.0,82.35,75,65,16.31
174,Hilo,US,2021-10-24 21:25:55,19.7297,-155.09,82.27,87,44,1.99
175,Kazanka,UA,2021-10-24 21:25:55,47.8462,32.8218,44.91,72,14,9.31
176,Okhotsk,RU,2021-10-24 21:25:55,59.3833,143.3,17.01,81,48,8.66
177,Suoyarvi,RU,2021-10-24 21:25:56,62.0833,32.35,27.37,82,69,4.14
178,Khandagayty,RU,2021-10-24 21:25:56,50.7333,92.05,30.7,74,19,0.74
179,Ormara,PK,2021-10-24 21:21:50,25.2088,64.6357,77.47,58,0,6.64
180,Havre-Saint-Pierre,CA,2021-10-24 21:25:56,50.2334,-63.5986,48.2,93,90,6.91
181,Torbay,CA,2021-10-24 21:23:07,47.6666,-52.7314,55.67,88,75,23.02
182,Lensk,RU,2021-10-24 21:25:57,60.7253,114.9278,35.51,97,100,9.93
183,Sergeyevka,KZ,2021-10-24 21:25:57,53.88,67.4158,51.13,35,100,16.53
184,Longyan,CN,2021-10-24 21:25:57,25.1072,117.0225,57.76,92,87,3.49
185,Yuli,NG,2021-10-24 21:25:57,9.6989,10.2744,81.54,50,100,2.75
186,Saint Anthony,US,2021-10-24 21:25:58,45.0205,-93.218,50.25,55,1,4.0
187,Valle Hermoso,MX,2021-10-24 21:25:58,25.6667,-97.8333,91.44,54,95,14.45
188,Pangnirtung,CA,2021-10-24 21:25:58,66.1451,-65.7125,22.05,93,94,1.1
189,Lata,PT,2021-10-24 21:22:52,40.1629,-8.3327,59.81,75,0,1.12
190,Puerto Madryn,AR,2021-10-24 21:25:59,-42.7692,-65.0385,82.69,21,74,38.03
191,Suicheng,CN,2021-10-24 21:25:59,33.8963,117.9331,52.63,77,1,1.88
192,Vila Velha,BR,2021-10-24 21:25:59,-20.3297,-40.2925,80.55,78,40,18.41
193,Fuxin,CN,2021-10-24 21:26:00,42.0156,121.6589,45.9,75,7,3.69
194,Syzran,RU,2021-10-24 21:26:00,53.1585,48.4681,40.6,73,79,6.67
195,Tera,NE,2021-10-24 21:26:00,14.0078,0.7531,88.99,40,78,7.25
196,Pitkyaranta,RU,2021-10-24 21:26:00,61.5734,31.4792,33.35,71,70,7.02
197,Beyneu,KZ,2021-10-24 21:26:01,45.3167,55.2,54.16,37,66,8.37
198,Kuzovatovo,RU,2021-10-24 21:26:02,53.5468,47.6866,37.31,92,90,7.58
199,San Jeronimo,PE,2021-10-24 21:26:02,-11.9472,-75.2829,66.7,43,58,7.63
200,Yurgamysh,RU,2021-10-24 21:26:03,55.3714,64.4656,42.85,83,100,11.14
201,Rongcheng,CN,2021-10-24 21:26:03,30.634,117.8517,54.66,92,67,2.66
202,Karratha,AU,2021-10-24 21:23:45,-20.7377,116.8463,74.79,60,1,10.13
203,Dikson,RU,2021-10-24 21:23:23,73.5069,80.5464,8.91,87,100,18.66
204,Cherskiy,RU,2021-10-24 21:23:32,68.75,161.3,-15.2,99,31,5.08
205,Miles City,US,2021-10-24 21:26:04,46.4083,-105.8406,63.52,47,1,6.91
206,Ngunguru,NZ,2021-10-24 21:25:48,-35.6167,174.5,67.15,96,85,4.23
207,Madisonville,US,2021-10-24 21:26:04,37.3281,-87.4989,80.94,48,13,5.01
208,Pakxe,LA,2021-10-24 21:26:04,15.1167,105.7833,69.48,93,63,3.74
209,Imbituba,BR,2021-10-24 21:26:05,-28.24,-48.6703,70.83,68,45,13.33
210,Varangaon,IN,2021-10-24 21:26:05,21.0167,75.9,70.75,68,1,4.16
211,Ondangwa,NA,2021-10-24 21:26:05,-17.9167,15.95,82.4,15,0,4.61
212,Wewak,PG,2021-10-24 21:26:06,-3.5534,143.6268,79.14,84,100,4.32
213,Sovetskiy,RU,2021-10-24 21:26:06,61.3614,63.5842,30.47,89,100,3.6
214,San Vicente,AR,2021-10-24 21:24:13,-26.6167,-54.1333,64.45,61,1,5.21
215,Ankang,CN,2021-10-24 21:26:06,32.68,109.0172,56.39,81,100,0.96
216,Aykhal,RU,2021-10-24 21:26:07,66.0,111.5,13.8,100,100,4.7
217,Dubbo,AU,2021-10-24 21:24:47,-32.25,148.6167,51.93,62,0,5.75
218,Esperance,AU,2021-10-24 21:21:41,-33.8667,121.9,67.84,39,100,10.45
219,Vardo,NO,2021-10-24 21:26:07,70.3705,31.1107,28.6,61,46,5.99
220,Phan Thiet,VN,2021-10-24 21:23:54,10.9333,108.1,76.42,88,100,2.95
221,Oranjestad,AW,2021-10-24 21:22:56,12.524,-70.027,85.95,70,20,21.85
222,Mar Del Plata,AR,2021-10-24 21:26:08,-38.0023,-57.5575,68.02,30,0,17.27
223,Snihurivka,UA,2021-10-24 21:26:08,47.0758,32.8052,41.04,65,8,9.46
224,Sedalia,US,2021-10-24 21:26:08,38.7045,-93.2283,76.91,66,20,19.57
225,Auki,SB,2021-10-24 21:26:08,-8.7676,160.7034,81.32,78,19,2.68
226,Ust-Kuyga,RU,2021-10-24 21:26:09,70.0167,135.6,3.61,98,100,1.72
227,Caravelas,BR,2021-10-24 21:26:09,-17.7125,-39.2481,77.59,85,1,10.11
228,Tongzi,CN,2021-10-24 21:26:10,28.7829,105.0877,59.58,83,100,1.92
229,Padang,ID,2021-10-24 21:26:10,-0.9492,100.3543,76.14,92,100,1.9
230,Norman Wells,CA,2021-10-24 21:26:10,65.282,-126.8329,23.04,93,90,3.44
231,Nemuro,JP,2021-10-24 21:26:11,43.3236,145.575,49.89,78,0,5.84
232,Sao Joao Da Barra,BR,2021-10-24 21:26:11,-21.6403,-41.0511,78.89,91,90,12.48
233,Kuntaur,GM,2021-10-24 21:26:11,13.6667,-14.8833,81.09,74,49,1.83
234,Hobyo,SO,2021-10-24 21:26:12,5.3505,48.5268,79.57,81,74,11.48
235,San Borja,BO,2021-10-24 21:26:12,-14.8167,-66.85,66.54,89,100,6.58
236,Huilong,CN,2021-10-24 21:21:36,31.8111,121.655,60.04,68,4,7.47
237,Arawa,PG,2021-10-24 21:26:12,-6.2132,155.5367,80.56,81,84,0.76
238,Vestmannaeyjar,IS,2021-10-24 21:23:58,63.4427,-20.2734,46.24,92,100,4.36
239,Colinas,BR,2021-10-24 21:26:13,-6.0258,-44.2492,81.01,75,100,1.03
240,Rujiena,LV,2021-10-24 21:26:13,57.8975,25.3316,38.05,88,99,8.86
241,Sangar,RU,2021-10-24 21:26:00,63.9242,127.4739,20.39,96,100,6.91
242,Haines Junction,CA,2021-10-24 21:26:13,60.7522,-137.5108,33.75,75,10,2.3
243,Talnakh,RU,2021-10-24 21:23:44,69.4865,88.3972,25.52,97,100,6.06
244,Alice Springs,AU,2021-10-24 21:26:14,-23.7,133.8833,60.35,51,6,4.61
245,Chokurdakh,RU,2021-10-24 21:26:14,70.6333,147.9167,-5.21,99,100,2.93
246,Bambous Virieux,MU,2021-10-24 21:26:14,-20.3428,57.7575,74.21,78,40,11.5
247,Umea,SE,2021-10-24 21:26:15,63.8284,20.2597,38.91,100,20,1.14
248,Leningradskiy,RU,2021-10-24 21:21:38,69.3833,178.4167,8.06,92,100,6.55
249,Sharjah,AE,2021-10-24 21:22:16,25.3573,55.4033,82.38,69,0,9.22
250,Kieta,PG,2021-10-24 21:24:37,-6.2167,155.6333,81.45,74,79,0.54
251,Klaksvik,FO,2021-10-24 21:23:08,62.2266,-6.589,50.92,91,90,24.81
252,Homer,US,2021-10-24 21:26:15,59.6425,-151.5483,46.29,82,1,0.0
253,Denpasar,ID,2021-10-24 21:21:58,-8.65,115.2167,76.71,88,40,0.0
254,Daru,PG,2021-10-24 21:26:16,-9.0763,143.2092,80.65,84,89,9.48
255,Clyde River,CA,2021-10-24 21:24:10,70.4692,-68.5914,12.54,79,76,5.75
256,Sioux Lookout,CA,2021-10-24 21:24:00,50.1001,-91.917,39.58,81,40,3.44
257,Kyren,RU,2021-10-24 21:26:16,51.6828,102.1408,35.47,62,49,3.62
258,Chumikan,RU,2021-10-24 21:26:16,54.7183,135.315,34.83,85,95,15.39
259,Avera,US,2021-10-24 21:26:17,33.194,-82.5271,78.67,35,69,6.51
260,Antibes,FR,2021-10-24 21:26:17,43.5624,7.1278,64.11,71,0,8.05
261,Saint-Philippe,RE,2021-10-24 21:26:17,-21.3585,55.7679,74.48,84,45,16.69
262,Egvekinot,RU,2021-10-24 21:26:18,66.3167,-179.1667,3.96,87,29,6.17
263,Harwich,GB,2021-10-24 21:26:18,51.9419,1.2844,57.0,85,99,7.0
264,Tigil,RU,2021-10-24 21:24:55,57.8,158.6667,13.95,100,78,3.44
265,Rawson,AR,2021-10-24 21:23:46,-43.3002,-65.1023,82.69,20,40,28.77
266,Pobe,BJ,2021-10-24 21:26:18,6.9801,2.6649,75.52,88,78,4.25
267,Thivai,GR,2021-10-24 21:26:19,38.325,23.3189,62.8,86,100,9.22
268,Harlingen,US,2021-10-24 21:21:45,26.1906,-97.6961,94.24,51,40,8.05
269,Tessalit,ML,2021-10-24 21:24:38,20.1986,1.0114,88.21,18,28,9.28
270,Vangaindrano,MG,2021-10-24 21:26:19,-23.35,47.6,75.72,92,94,6.49
271,Solnechnyy,RU,2021-10-24 21:26:19,50.7214,136.6319,32.25,88,7,4.25
272,Nanortalik,GL,2021-10-24 21:26:20,60.1432,-45.2371,33.01,97,100,2.04
273,Kupang,ID,2021-10-24 21:26:20,-10.1667,123.5833,75.78,100,20,2.3
274,Plettenberg Bay,ZA,2021-10-24 21:26:20,-34.0527,23.3716,54.9,75,0,4.34
275,Sabang,ID,2021-10-24 21:26:21,5.8933,95.3214,81.19,76,100,8.79
276,Chengde,CN,2021-10-24 21:26:21,40.9725,117.9361,44.71,70,100,1.72
277,Seymchan,RU,2021-10-24 21:26:21,62.8833,152.4333,3.47,85,100,4.27
278,Zhigansk,RU,2021-10-24 21:26:22,66.7697,123.3711,8.91,98,76,5.28
279,Dalby,AU,2021-10-24 21:26:22,-27.1833,151.2667,69.98,68,80,1.01
280,Maxixe,MZ,2021-10-24 21:26:22,-23.8597,35.3472,72.61,91,100,5.73
281,Sayyan,YE,2021-10-24 21:26:22,15.1718,44.3244,55.04,24,17,3.36
282,Kodinar,IN,2021-10-24 21:26:23,20.7903,70.7031,76.84,72,0,4.99
283,Muzhi,RU,2021-10-24 21:26:23,65.3667,64.6667,24.66,82,95,6.67
284,Lagoa,PT,2021-10-24 21:24:14,39.05,-27.9833,65.84,70,15,9.86
285,Fougamou,GA,2021-10-24 21:26:23,-1.2154,10.5838,73.87,99,83,2.44
286,Isangel,VU,2021-10-24 21:26:24,-19.55,169.2667,80.71,69,34,5.75
287,Ellenabad,IN,2021-10-24 21:26:24,29.45,74.65,68.04,79,0,3.15
288,Nouadhibou,MR,2021-10-24 21:26:24,20.931,-17.0347,71.58,68,84,16.11
289,Goya,AR,2021-10-24 21:26:25,-29.14,-59.2626,79.0,30,2,4.03
290,Kokopo,PG,2021-10-24 21:26:25,-4.352,152.2633,79.02,72,100,2.73
291,Aleksandrov Gay,RU,2021-10-24 21:26:25,50.147,48.5704,44.65,54,90,5.79
292,Cayenne,GF,2021-10-24 21:21:50,4.9333,-52.3333,82.44,87,90,5.01
293,Barras,BR,2021-10-24 21:24:21,-4.2444,-42.2944,79.57,76,80,1.48
294,Malangali,TZ,2021-10-24 21:26:26,-8.5667,34.85,70.54,49,19,11.83
295,Thisted,DK,2021-10-24 21:26:26,56.9552,8.6949,48.09,3,100,16.13
296,Jiaonan,CN,2021-10-24 21:26:26,35.8786,119.9753,42.82,58,0,3.8
297,Morgan City,US,2021-10-24 21:23:06,29.6994,-91.2068,82.99,83,93,12.21
298,Nisia Floresta,BR,2021-10-24 21:24:33,-6.0911,-35.2086,81.41,75,58,8.23
299,Den Helder,NL,2021-10-24 21:24:51,52.9599,4.7593,51.78,87,90,9.22
300,State College,US,2021-10-24 21:24:47,40.7934,-77.86,56.41,83,90,1.01
301,Jalingo,NG,2021-10-24 21:26:27,8.8833,11.3667,79.54,68,87,3.91
302,Da Nang,VN,2021-10-24 21:26:27,16.0678,108.2208,73.38,94,75,5.75
303,La Plata,AR,2021-10-24 21:24:00,-34.9215,-57.9545,76.77,28,0,10.04
304,Kubrat,BG,2021-10-24 21:26:28,43.8,26.5,47.28,55,41,4.12
305,Petrozavodsk,RU,2021-10-24 21:24:56,61.7849,34.3469,26.06,80,89,6.71
306,Abu Kamal,SY,2021-10-24 21:24:00,34.4506,40.9171,69.87,27,4,5.48
307,Meulaboh,ID,2021-10-24 21:26:28,4.1363,96.1285,74.66,92,100,5.12
308,Srandakan,ID,2021-10-24 21:26:28,-7.9386,110.2506,77.92,83,85,5.48
309,Hambantota,LK,2021-10-24 21:26:00,6.1241,81.1185,79.14,94,40,4.61
310,Daye,CN,2021-10-24 21:26:29,30.0833,114.95,56.25,66,98,0.98
311,Dingle,PH,2021-10-24 21:21:33,10.9995,122.6711,75.16,92,100,3.13
312,Cabedelo,BR,2021-10-24 21:26:29,-6.9811,-34.8339,81.27,73,64,9.53
313,Broken Hill,AU,2021-10-24 21:26:29,-31.95,141.4333,53.31,43,0,10.36
314,Yelizovo,RU,2021-10-24 21:26:30,53.1873,158.3805,23.14,80,0,8.95
315,Camocim,BR,2021-10-24 21:26:30,-2.9022,-40.8411,82.99,66,72,17.25
316,San Ignacio,BZ,2021-10-24 21:26:30,17.1561,-89.0714,95.14,55,40,4.61
317,Gamba,GA,2021-10-24 21:26:30,-2.65,10.0,76.93,91,100,4.85
318,Port Macquarie,AU,2021-10-24 21:26:31,-31.4333,152.9167,66.88,76,24,0.85
319,Xining,CN,2021-10-24 21:24:23,36.6167,101.7667,41.14,73,93,1.28
320,Shingu,JP,2021-10-24 21:25:21,33.7333,135.9833,60.37,95,100,6.98
321,Russell,US,2021-10-24 21:26:31,32.3502,-85.1999,74.8,79,75,0.0
322,Kaeo,NZ,2021-10-24 21:26:31,-35.1,173.7833,67.32,86,22,0.85
323,Mahanoro,MG,2021-10-24 21:26:32,-19.9,48.8,76.05,90,67,10.31
324,Port Blair,IN,2021-10-24 21:26:32,11.6667,92.75,80.08,81,100,4.79
325,Tianpeng,CN,2021-10-24 21:26:32,30.9866,103.9393,57.67,82,100,1.41
326,Port-Gentil,GA,2021-10-24 21:26:33,-0.7193,8.7815,80.56,83,75,8.05
327,Labuhan,ID,2021-10-24 21:26:16,-6.8844,112.2051,78.49,84,41,7.29
328,Udachnyy,RU,2021-10-24 21:26:33,66.4167,112.4,19.22,98,100,3.83
329,Koboko,UG,2021-10-24 21:26:33,3.4136,30.9599,66.16,78,33,1.54
330,Kodiak,US,2021-10-24 21:26:34,57.79,-152.4072,49.51,71,90,6.91
331,Mehamn,NO,2021-10-24 21:26:34,71.0357,27.8492,26.51,76,86,5.97
332,Esso,RU,2021-10-24 21:26:34,55.9333,158.7,12.25,95,65,5.44
333,Roald,NO,2021-10-24 21:26:35,62.5833,6.1333,52.09,93,75,11.5
334,Ambovombe,MG,2021-10-24 21:26:35,-25.1667,46.0833,71.89,93,15,7.7
335,Mundo Nuevo,MX,2021-10-24 21:26:35,18.7,-95.5,84.24,73,31,5.93
336,Nantucket,US,2021-10-24 21:26:35,41.2835,-70.0995,55.96,60,1,10.36
337,Vermilion,US,2021-10-24 21:26:36,40.1667,-87.7506,61.92,97,90,1.01
338,Grand-Lahou,CI,2021-10-24 21:26:36,5.1367,-5.0242,77.72,87,88,6.29
339,Lovozero,RU,2021-10-24 21:26:36,68.005,35.0117,22.59,90,53,10.54
340,San Roque,ES,2021-10-24 21:26:37,36.2107,-5.3842,67.03,83,20,11.5
341,River Falls,US,2021-10-24 21:26:20,44.8614,-92.6238,50.4,66,100,13.71
342,Yulara,AU,2021-10-24 21:23:31,-25.2406,130.9889,60.64,51,0,9.22
343,Osakarovka,KZ,2021-10-24 21:26:37,50.565,72.5692,38.41,57,54,9.89
344,Adre,TD,2021-10-24 21:26:37,13.4667,22.2,81.01,22,15,15.41
345,Zhanaozen,KZ,2021-10-24 21:26:38,43.3,52.8,52.41,29,6,8.19
346,Sasykoli,RU,2021-10-24 21:26:38,47.5515,46.9968,51.44,41,100,9.93
347,Diamantino,BR,2021-10-24 21:26:38,-14.4086,-56.4461,72.91,95,99,8.84
348,Maldonado,UY,2021-10-24 21:26:39,-34.6667,-54.9167,70.99,60,0,10.45
349,Maypangdan,PH,2021-10-24 21:26:39,11.6519,125.4503,78.3,87,100,2.53
350,Salalah,OM,2021-10-24 21:26:39,17.0151,54.0924,75.29,78,0,4.61
351,Bellefontaine,US,2021-10-24 21:26:39,40.3612,-83.7597,57.13,98,100,1.99
352,Grand Gaube,MU,2021-10-24 21:26:40,-20.0064,57.6608,74.37,71,88,5.01
353,Ukiah,US,2021-10-24 21:25:01,39.1502,-123.2078,57.13,94,90,5.75
354,Shimoda,JP,2021-10-24 21:26:40,34.6667,138.95,60.91,72,100,10.13
355,San Miguel,SV,2021-10-24 21:26:40,13.4833,-88.1833,94.48,70,40,3.44
356,Nelson Bay,AU,2021-10-24 21:26:30,-32.7167,152.15,65.1,78,29,1.99
357,Bonavista,CA,2021-10-24 21:26:41,48.6499,-53.1147,56.12,91,67,21.45
358,Bokoro,TD,2021-10-24 21:26:41,12.3807,17.0568,90.34,22,6,7.23
359,Kharan,PK,2021-10-24 21:26:41,28.5833,65.4167,64.47,12,0,4.0
360,Hasaki,JP,2021-10-24 21:26:42,35.7333,140.8333,48.6,53,13,7.11
361,Fort Frances,CA,2021-10-24 21:23:38,48.5999,-93.4003,44.82,61,20,4.0
362,Port Hedland,AU,2021-10-24 21:26:42,-20.3167,118.5667,69.85,52,7,11.5
363,Pochutla,MX,2021-10-24 21:26:43,15.7432,-96.4661,86.83,62,99,7.61
364,Svirsk,RU,2021-10-24 21:26:43,53.0858,103.3325,38.23,69,96,5.12
365,Gijon,ES,2021-10-24 21:26:43,43.5357,-5.6615,59.25,90,92,3.0
366,Dzilam Gonzalez,MX,2021-10-24 21:26:43,21.2833,-88.9333,85.42,68,98,4.99
367,Nishihara,JP,2021-10-24 21:26:44,26.1842,127.7558,72.68,89,40,5.75
368,Ames,US,2021-10-24 21:25:38,42.0347,-93.6199,46.94,96,90,11.01
369,Gravdal,NO,2021-10-24 21:26:44,68.1214,13.5031,38.71,96,100,16.8
370,Ngaoundere,CM,2021-10-24 21:26:44,7.3167,13.5833,65.93,92,92,1.86
371,Payson,US,2021-10-24 21:24:09,40.0444,-111.7321,61.0,65,90,3.44
372,Xuddur,SO,2021-10-24 21:26:45,4.1213,43.8894,75.99,76,54,14.07
373,Farroupilha,BR,2021-10-24 21:26:45,-29.225,-51.3478,64.24,54,20,3.0
374,Porto Walter,BR,2021-10-24 21:26:45,-8.2686,-72.7439,94.41,39,100,6.44
375,Alta Floresta,BR,2021-10-24 21:21:56,-9.8756,-56.0861,83.14,62,78,5.12
376,Linxi,CN,2021-10-24 21:26:46,39.7,118.4333,48.4,70,30,4.25
377,San Ramon,US,2021-10-24 21:26:44,37.7799,-121.978,63.21,94,90,3.0
378,Dunedin,NZ,2021-10-24 21:26:46,-45.8742,170.5036,59.81,78,87,5.99
379,Catuday,PH,2021-10-24 21:26:47,16.2923,119.8062,78.8,76,100,8.97
380,Williamsburg,US,2021-10-24 21:25:27,37.2707,-76.7075,76.77,60,1,6.91
381,Miri,MY,2021-10-24 21:26:47,4.4148,114.0089,77.14,94,40,3.44
382,Rio Gallegos,AR,2021-10-24 21:26:47,-51.6226,-69.2181,48.25,27,40,37.98
383,Cabano,PH,2021-10-24 21:26:47,10.5869,122.7002,78.17,87,100,3.42
384,Vanimo,PG,2021-10-24 21:26:48,-2.6741,141.3028,77.61,88,87,4.0
385,Lisala,CD,2021-10-24 21:26:48,2.15,21.5167,70.92,99,100,1.3
386,Alindao,CF,2021-10-24 21:26:48,5.0267,21.2088,72.5,96,98,6.96
387,Talaya,RU,2021-10-24 21:26:49,61.3833,152.75,6.15,92,100,2.68
388,Malartic,CA,2021-10-24 21:26:49,48.1335,-78.1328,42.91,90,99,2.46
389,College,US,2021-10-24 21:26:49,64.8569,-147.8028,28.2,89,90,3.44
390,Malchin,DE,2021-10-24 21:26:49,53.7333,12.7833,46.04,79,50,9.4
391,Ous,RU,2021-10-24 21:26:50,60.9058,61.5186,33.75,99,100,2.66
392,Darhan,MN,2021-10-24 21:26:50,49.4867,105.9228,35.38,57,26,3.06
393,Port Lincoln,AU,2021-10-24 21:26:50,-34.7333,135.8667,53.46,72,0,13.18
394,Belaya Gora,RU,2021-10-24 21:26:51,68.5333,146.4167,-0.71,98,100,0.78
395,Atikokan,CA,2021-10-24 21:26:51,48.7555,-91.6216,43.16,48,65,7.34
396,Ust-Maya,RU,2021-10-24 21:26:51,60.4167,134.5333,27.41,98,100,4.18
397,Tambura,SS,2021-10-24 21:25:18,5.6,27.4667,73.65,77,63,3.02
398,Karabash,RU,2021-10-24 21:26:52,55.4808,60.2157,38.5,82,64,9.48
399,Sao Joao Dos Patos,BR,2021-10-24 21:26:52,-6.495,-43.7022,79.68,71,100,3.33
400,Langub,PH,2021-10-24 21:26:52,10.7981,123.5372,78.69,83,100,3.33
401,Katsuura,JP,2021-10-24 21:26:52,35.1333,140.3,55.51,63,58,6.24
402,Mezen,RU,2021-10-24 21:26:53,65.8522,44.24,27.68,86,52,11.59
403,Kaduqli,SD,2021-10-24 21:26:53,11.0167,29.7167,86.25,34,86,4.12
404,Sitio Novo Do Tocantins,BR,2021-10-24 21:26:53,-5.5183,-47.4611,82.94,67,70,2.15
405,Aklavik,CA,2021-10-24 21:26:54,68.2191,-135.0107,23.83,92,96,2.84
406,Bilibino,RU,2021-10-24 21:26:54,68.0546,166.4372,-21.05,100,91,3.33
407,Sokoto,NG,2021-10-24 21:26:54,13.0609,5.239,87.22,16,20,5.82
408,Adrar,MR,2021-10-24 21:26:55,20.5022,-10.0711,86.47,21,2,5.5
409,Biloela,AU,2021-10-24 21:26:55,-24.4167,150.5,76.53,57,85,2.8
410,Bonthe,SL,2021-10-24 21:26:55,7.5264,-12.505,79.09,83,100,6.02
411,Southbridge,US,2021-10-24 21:26:55,42.0751,-72.0334,58.32,57,30,4.0
412,Dongsheng,CN,2021-10-24 21:26:56,39.8161,109.9776,42.98,41,100,6.82
413,Murray Bridge,AU,2021-10-24 21:26:56,-35.1167,139.2667,51.69,81,0,2.59
414,Ornskoldsvik,SE,2021-10-24 21:26:56,63.2909,18.7153,33.62,100,75,2.3
415,Micheweni,TZ,2021-10-24 21:25:14,-4.9667,39.8333,77.58,80,6,7.31
416,Moerai,PF,2021-10-24 21:23:10,-22.4333,-151.3333,72.66,66,1,14.47
417,Kandrian,PG,2021-10-24 21:24:51,-6.2167,149.55,79.02,82,58,3.44
418,Portland,US,2021-10-24 21:23:00,45.5234,-122.6762,57.61,89,75,1.99
419,Ulaangom,MN,2021-10-24 21:26:57,49.9811,92.0667,31.95,71,18,0.58
420,North Myrtle Beach,US,2021-10-24 21:26:57,33.816,-78.68,79.09,67,1,1.99
421,Muscat,OM,2021-10-24 21:26:57,23.6139,58.5922,82.42,60,11,6.2
422,Leh,IN,2021-10-24 21:26:58,34.1667,77.5833,29.77,88,100,4.7
423,Alugan,PH,2021-10-24 21:26:58,12.2188,125.4808,79.09,83,100,7.52
424,Batabano,CU,2021-10-24 21:26:58,22.7164,-82.2881,86.72,70,99,9.53
425,Ostrovnoy,RU,2021-10-24 21:26:59,68.0531,39.5131,34.2,72,43,17.13
426,Olinda,BR,2021-10-24 21:26:59,-8.0089,-34.8553,82.13,69,20,5.75
427,Myaundzha,RU,2021-10-24 21:26:59,63.0494,147.1858,-5.06,98,92,2.44
428,Atambua,ID,2021-10-24 21:26:59,-9.1061,124.8925,75.52,83,100,1.72
429,North Bend,US,2021-10-24 21:27:00,43.4065,-124.2243,58.86,82,75,17.27
430,Biak,ID,2021-10-24 21:27:00,-0.9131,122.8766,76.14,74,92,2.86
431,Faya,SA,2021-10-24 21:27:00,18.3851,42.4509,57.72,47,7,3.0
432,Sinnamary,GF,2021-10-24 21:27:01,5.3833,-52.95,78.3,91,100,11.77
433,Nakusp,CA,2021-10-24 21:27:01,50.2499,-117.8023,51.48,81,100,0.0
434,Kozhevnikovo,RU,2021-10-24 21:27:02,56.2589,83.9714,47.25,88,100,8.43
435,Lazaro Cardenas,MX,2021-10-24 21:22:58,17.9583,-102.2,77.23,93,100,8.37
436,Ayan,RU,2021-10-24 21:27:03,56.45,138.1667,39.27,76,61,6.06
437,Luba,GQ,2021-10-24 21:27:03,3.4568,8.5547,78.69,86,76,6.11
438,Isla Vista,US,2021-10-24 21:27:03,34.4133,-119.861,75.25,72,1,8.05
439,Maceio,BR,2021-10-24 21:22:39,-9.6658,-35.7353,81.84,83,0,9.22
440,Sept-Iles,CA,2021-10-24 21:26:02,50.2001,-66.3821,49.05,87,75,1.01
441,Jinchang,CN,2021-10-24 21:27:04,38.4953,102.1739,45.3,47,98,2.89
442,Ginir,ET,2021-10-24 21:27:04,7.1333,40.7,58.05,46,71,5.14
443,Marfino,RU,2021-10-24 21:27:04,55.7028,37.3822,33.1,80,0,8.95
444,Atasu,KZ,2021-10-24 21:27:05,48.6814,71.6433,41.04,52,40,5.41
445,Kulhudhuffushi,MV,2021-10-24 21:27:05,6.6221,73.07,81.91,79,84,13.4
446,Northam,GB,2021-10-24 21:27:05,51.0333,-4.2167,58.08,91,12,13.02
447,Alice Town,BS,2021-10-24 21:27:06,25.7167,-79.3,81.19,79,100,11.36
448,Itaituba,BR,2021-10-24 21:27:06,-4.2761,-55.9836,82.56,83,40,4.61
449,Luderitz,NA,2021-10-24 21:27:06,-26.6481,15.1594,60.04,67,0,7.92
450,Edd,ER,2021-10-24 21:27:06,13.9297,41.6925,85.32,66,11,15.05
451,Bud,US,2021-10-24 21:27:07,39.447,-86.1758,76.12,98,100,11.92
452,Derzhavinsk,KZ,2021-10-24 21:27:07,51.1,66.3167,45.52,44,100,15.26
453,Turan,VN,2021-10-24 21:26:27,16.0678,108.2208,73.38,94,75,5.75
454,Talara,PE,2021-10-24 21:27:07,-4.5772,-81.2719,72.36,73,0,13.8
455,Tiarei,PF,2021-10-24 21:23:10,-17.5333,-149.3333,77.02,92,100,15.39
456,Tarija,BO,2021-10-24 21:27:08,-21.5355,-64.7296,66.11,45,75,6.91
457,Nuevitas,CU,2021-10-24 21:27:08,21.5453,-77.2644,89.04,71,99,8.3
458,Nchelenge,ZM,2021-10-24 21:27:08,-9.3451,28.734,75.09,70,94,2.73
459,Whitianga,NZ,2021-10-24 21:27:09,-36.8333,175.7,65.01,96,99,7.7
460,Liuzhou,CN,2021-10-24 21:27:09,24.3126,109.3892,59.23,66,0,6.78
461,Mandalgovi,MN,2021-10-24 21:27:09,45.7625,106.2708,33.78,46,23,11.68
462,Harper,LR,2021-10-24 21:23:24,4.375,-7.7169,77.7,86,98,6.8
463,Port Harcourt,NG,2021-10-24 21:26:19,4.7774,7.0134,77.65,85,36,4.79
464,Atlantic City,US,2021-10-24 21:27:10,39.3643,-74.4229,64.44,61,1,8.05
465,Havoysund,NO,2021-10-24 21:22:11,70.9963,24.6622,27.48,81,69,12.21
466,Manaure,CO,2021-10-24 21:27:10,11.7751,-72.4445,89.78,54,40,18.66
467,Taltal,CL,2021-10-24 21:22:20,-25.4,-70.4833,63.32,69,23,4.0
468,Springbok,ZA,2021-10-24 21:27:10,-29.6643,17.8865,61.5,25,0,8.28
469,Sitka,US,2021-10-24 21:27:07,57.0531,-135.33,49.89,62,40,0.0
470,Joensuu,FI,2021-10-24 21:27:11,62.6012,29.7632,32.49,81,20,1.99
471,Tura,IN,2021-10-24 21:27:11,25.5198,90.2201,66.81,96,10,2.77
472,Voznesenye,RU,2021-10-24 21:27:11,61.0106,35.4781,29.64,76,53,8.12
473,Kuito,AO,2021-10-24 21:27:12,-12.3833,16.9333,62.29,88,100,4.92
474,Chara,RU,2021-10-24 21:27:12,56.9064,118.2631,27.97,66,100,1.95
475,Ust-Omchug,RU,2021-10-24 21:27:12,61.15,149.6333,11.1,96,100,4.14
476,Quelimane,MZ,2021-10-24 21:27:13,-17.8786,36.8883,77.72,86,2,8.39
477,Bergen,NO,2021-10-24 21:27:13,60.392,5.328,52.65,97,75,23.02
478,Ghanzi,BW,2021-10-24 21:27:13,-21.5667,21.7833,74.12,18,12,6.33
479,Salinas,US,2021-10-24 21:27:13,36.6777,-121.6555,68.52,68,90,19.57
480,Loudi,CN,2021-10-24 21:27:14,27.7344,111.9944,52.7,73,0,2.06
481,Namibe,AO,2021-10-24 21:27:14,-15.1961,12.1522,64.56,83,0,5.08
482,Moroni,KM,2021-10-24 21:27:14,-11.7022,43.2551,78.66,84,9,2.51
483,Altay,CN,2021-10-24 21:27:15,47.8667,88.1167,30.58,59,15,4.47
484,Dong Xoai,VN,2021-10-24 21:27:15,11.5333,106.9167,72.81,94,100,3.56
485,Libertador General San Martin,AR,2021-10-24 21:27:15,-23.8064,-64.7876,85.95,24,1,8.52
486,Mattru,SL,2021-10-24 21:27:16,7.6244,-11.8332,74.8,96,100,2.8
487,Bressuire,FR,2021-10-24 21:27:16,46.9167,-0.5,54.05,77,57,7.34
488,Sao Filipe,CV,2021-10-24 21:27:16,14.8961,-24.4956,78.85,70,37,9.71
489,Cairns,AU,2021-10-24 21:26:26,-16.9167,145.7667,76.95,78,24,8.05
490,Manta,EC,2021-10-24 21:27:07,-0.95,-80.7333,76.78,83,75,8.05
491,Hulan Ergi,CN,2021-10-24 21:27:17,47.2042,123.6333,40.95,48,89,2.55
492,Carballo,ES,2021-10-24 21:27:17,43.213,-8.691,59.02,93,17,4.05
493,Hereford,GB,2021-10-24 21:27:17,52.0568,-2.7148,55.0,68,3,4.0
494,Sattahip,TH,2021-10-24 21:26:38,12.6664,100.9007,80.91,88,20,8.05
495,Oistins,BB,2021-10-24 21:27:18,13.0667,-59.5333,80.69,83,75,12.66
496,Sorland,NO,2021-10-24 21:27:18,67.667,12.6934,46.49,96,100,21.12
497,Namatanai,PG,2021-10-24 21:27:18,-3.6667,152.4333,81.27,76,89,5.82
498,Zeya,RU,2021-10-24 21:27:18,53.75,127.2667,33.67,94,83,3.2
499,Limbang,MY,2021-10-24 21:27:19,4.75,115.0,79.11,98,100,2.37
500,Aktas,KZ,2021-10-24 21:27:19,49.7789,72.9608,37.74,55,56,7.85
501,Hazorasp,UZ,2021-10-24 21:27:19,41.3194,61.0742,37.24,25,19,3.76
502,Iwanai,JP,2021-10-24 21:27:20,42.9744,140.5089,43.88,91,1,4.52
503,Ixtapa,MX,2021-10-24 21:27:20,20.7,-105.2,86.23,74,75,11.5
504,Ullapool,GB,2021-10-24 21:27:20,57.8987,-5.1604,51.35,84,80,11.21
505,Quang Ngai,VN,2021-10-24 21:27:20,15.1167,108.8,75.04,92,98,8.21
506,Hailey,US,2021-10-24 21:27:21,43.5196,-114.3153,42.66,87,90,5.75
507,Esparta,HN,2021-10-24 21:27:21,15.7437,-87.1766,93.99,72,100,4.59
508,Blythe,US,2021-10-24 21:27:21,33.6103,-114.5964,88.03,25,21,13.56
509,Alihe,CN,2021-10-24 21:27:22,50.5667,123.7167,33.12,79,6,2.59
510,Salmas,IR,2021-10-24 21:27:22,38.1973,44.7653,41.99,30,6,2.48
511,San Miguel De Cauri,PE,2021-10-24 21:27:22,-10.1,-76.5833,61.03,39,16,13.65
512,Sajovamos,HU,2021-10-24 21:27:22,48.1833,20.85,37.47,62,93,0.13
513,Kasimov,RU,2021-10-24 21:27:23,54.9411,41.3953,31.53,78,94,13.89
514,Peniche,PT,2021-10-24 21:27:23,39.3558,-9.3811,61.61,91,3,6.98
515,Yar-Sale,RU,2021-10-24 21:27:23,66.8333,70.8333,23.83,77,20,17.2
516,Kananga,CD,2021-10-24 21:27:24,-5.8958,22.4178,72.68,83,33,3.13
517,Mackenzie,CA,2021-10-24 21:27:24,55.2999,-123.1698,41.22,81,1,8.05
518,Eskisehir,TR,2021-10-24 21:23:29,39.7767,30.5206,48.11,76,40,11.5
519,Grindavik,IS,2021-10-24 21:27:22,63.8424,-22.4338,45.07,100,90,4.61
520,Hirara,JP,2021-10-24 21:27:24,24.8,125.2833,77.07,70,62,14.18
521,Aquiraz,BR,2021-10-24 21:27:25,-3.9014,-38.3911,82.49,72,12,9.91
522,Tolaga Bay,NZ,2021-10-24 21:25:31,-38.3667,178.3,60.89,76,78,7.25
523,Chimbote,PE,2021-10-24 21:25:41,-9.0853,-78.5783,66.83,75,7,11.12
524,Rapid City,US,2021-10-24 21:23:46,44.0805,-103.231,62.73,52,1,1.01
525,Roma,US,2021-10-24 21:25:12,43.2128,-75.4557,57.06,62,75,3.44
526,Maniitsoq,GL,2021-10-24 21:27:25,65.4167,-52.9,26.33,55,3,8.66
527,Ekhabi,RU,2021-10-24 21:27:26,53.5102,142.9671,33.98,94,22,11.27
528,Morro Bay,US,2021-10-24 21:27:26,35.3658,-120.8499,68.88,90,100,1.99
529,Kisangani,CD,2021-10-24 21:27:26,0.5167,25.2,70.29,99,100,0.29
530,Batticaloa,LK,2021-10-24 21:27:26,7.7102,81.6924,78.33,84,100,6.15
531,Oksfjord,NO,2021-10-24 21:27:27,70.2396,22.3479,27.52,88,100,12.35
532,Kodino,RU,2021-10-24 21:27:27,63.7198,39.6447,22.82,92,23,8.3
533,Henties Bay,NA,2021-10-24 21:27:27,-22.116,14.2845,59.86,91,0,2.42
534,Tilichiki,RU,2021-10-24 21:27:28,60.4667,166.1,5.99,93,50,8.61
535,Ngama,TD,2021-10-24 21:25:18,11.7833,17.1667,87.39,38,26,3.33
536,Tecoanapa,MX,2021-10-24 21:27:28,16.5167,-98.75,82.29,79,81,9.08
537,Olga,RU,2021-10-24 21:27:28,43.7444,135.2892,39.25,64,0,4.83
538,Umm Kaddadah,SD,2021-10-24 21:27:29,13.6017,26.6876,85.95,19,5,14.81
539,Mackay,AU,2021-10-24 21:27:29,-21.15,149.2,80.69,73,80,3.44
540,Tarnobrzeg,PL,2021-10-24 21:27:29,50.573,21.6794,36.84,87,68,5.82
541,Kamenka,RU,2021-10-24 21:27:30,51.3223,42.7678,37.87,87,99,13.91
542,Victor Harbor,AU,2021-10-24 21:27:30,-35.5667,138.6167,53.01,76,36,9.53
543,Bousso,TD,2021-10-24 21:27:30,10.4795,16.7117,83.59,53,85,3.87
544,Mwinilunga,ZM,2021-10-24 21:24:24,-11.7358,24.4293,63.72,91,99,2.53
545,Krasnoye,UA,2021-10-24 21:27:31,49.9145,24.6134,31.35,69,99,2.89
546,Virginia Beach,US,2021-10-24 21:27:31,36.8529,-75.978,77.04,62,20,13.8
547,Niamey,NE,2021-10-24 21:27:31,13.5137,2.1098,89.89,40,100,2.3
548,Sibolga,ID,2021-10-24 21:27:31,1.7427,98.7792,74.71,90,99,1.88
549,Shahpura,IN,2021-10-24 21:27:32,27.3833,75.9667,70.93,75,9,4.61
550,Khandyga,RU,2021-10-24 21:27:32,62.6667,135.6,21.11,97,100,1.81
551,Tonneins,FR,2021-10-24 21:27:32,44.3921,0.3124,50.67,83,1,2.75
552,Bukama,CD,2021-10-24 21:27:32,-9.2,25.85,71.47,88,100,3.0
553,Pingzhuang,CN,2021-10-24 21:27:33,42.0372,119.2889,44.38,53,89,2.62
554,Biscarrosse,FR,2021-10-24 21:27:33,44.3945,-1.1672,53.35,100,90,1.14
